repetition,offered_concurrency,executor_threads,hikari_max_pool,hikari_max_active_observed,hikari_max_pending_observed,mysql_row_lock_waits_delta,mysql_row_lock_time_ms_delta,jvm_version,available_processors,accepted,rejected,wall_ms,throughput_attempts_per_second,p50_ms,p95_ms,p99_ms,max_ms
1,4,64,20,4,0,3,218,17.0.16,4,1,3,156.863,25.500,99.867,155.864,155.864,155.864
1,20,64,20,20,0,19,4520,17.0.16,4,1,19,588.449,33.988,338.969,564.579,587.779,587.779
1,64,64,20,20,44,63,18584,17.0.16,4,1,63,1177.075,54.372,592.663,1125.418,1173.514,1173.514
2,64,64,20,20,44,63,15640,17.0.16,4,1,63,1009.957,63.369,509.871,957.729,1003.490,1003.490
2,20,64,20,20,0,19,3271,17.0.16,4,1,19,363.806,54.974,228.945,346.387,360.394,360.394
2,4,64,20,4,0,3,119,17.0.16,4,1,3,81.633,49.000,46.363,81.582,81.582,81.582
3,20,64,20,20,0,19,4361,17.0.16,4,1,19,427.869,46.743,261.697,411.841,426.634,426.634
3,4,64,20,4,0,3,120,17.0.16,4,1,3,81.559,49.044,51.794,81.203,81.203,81.203
3,64,64,20,20,44,63,16015,17.0.16,4,1,63,1051.882,60.843,557.481,977.360,1049.160,1049.160
4,4,64,20,4,0,3,132,17.0.16,4,1,3,90.472,44.212,48.334,90.386,90.386,90.386
4,64,64,20,20,44,63,15947,17.0.16,4,1,63,1033.606,61.919,488.437,979.714,1028.050,1028.050
4,20,64,20,20,0,19,3570,17.0.16,4,1,19,368.143,54.327,221.227,351.410,366.452,366.452
5,64,64,20,20,44,63,15091,17.0.16,4,1,63,952.951,67.160,525.885,915.558,950.956,950.956
5,4,64,20,4,0,3,98,17.0.16,4,1,3,60.970,65.606,37.648,60.767,60.767,60.767
5,20,64,20,20,0,19,2927,17.0.16,4,1,19,312.283,64.044,171.574,300.230,311.599,311.599
